text,genre,mood,depth
I want something cozy to read before sleep.,fiction,cozy,light
"I feel overwhelmed and need a soft, gentle book.",self_help,soft,light
I want a deep book that makes me rethink my life.,philosophy,deep,deep
Recommend something inspiring but not heavy.,self_help,soft,light
"I want a dark, meaningful novel with strong emotions.",fiction,dark,deep
"I want something light and cute, easy to read.",fiction,cozy,light
"I need motivation, but something calm and not aggressive.",self_help,soft,medium
I want a book that feels like warm tea on a winter night.,fiction,cozy,medium
I want something philosophical but still accessible.,philosophy,soft,medium
I want a deep psychological book about the human mind.,psychology,deep,deep
I want a gentle self-help book with simple advice.,self_help,soft,light
Recommend something emotional and reflective.,fiction,deep,medium
I want something dark and existential.,philosophy,dark,deep
I want a practical self-help book with clear structure.,self_help,cozy,medium
I want a novel with soft storytelling and a comforting vibe.,fiction,soft,light
I want something that challenges my worldview.,philosophy,deep,deep
I want a book that feels cozy and calming.,fiction,cozy,light
I want something psychological but not too heavy.,psychology,soft,medium
I want a deep story with a bittersweet vibe.,fiction,deep,medium
I want something uplifting and warm.,self_help,cozy,light
I want a book that dives deep into human emotions.,psychology,deep,deep
I want a soft and poetic novel.,fiction,soft,medium
I want something to help me understand myself better.,psychology,soft,medium
I feel stuck and want a gentle motivational book.,self_help,soft,light
I want a dark book with philosophical themes.,philosophy,dark,deep
Recommend something cozy and heartwarming.,fiction,cozy,light
I want something intellectually stimulating.,philosophy,deep,medium
I want a psychological thriller but not too dark.,psychology,dark,medium
I want a story that feels deep and meditative.,fiction,deep,deep
"I want something simple, warm, and optimistic.",self_help,cozy,light
I want something warm and healing after a stressful week.,self_help,cozy,light
I'm looking for a deep novel with emotional weight.,fiction,deep,medium
Recommend a philosophical book that feels calm and thoughtful.,philosophy,soft,medium
I want something psychological but comforting.,psychology,soft,medium
"I want a cozy book with simple, beautiful storytelling.",fiction,cozy,light
Recommend something that inspires gentle self-reflection.,self_help,soft,light
I want a book that explores meaning and purpose.,philosophy,deep,deep
I want something introspective but not too heavy.,psychology,cozy,medium
I need something motivating but very gentle.,self_help,soft,light
"I want a novel that feels like a slow, calm evening.",fiction,cozy,medium
Give me something deep and philosophical but readable.,philosophy,deep,medium
"I want something soft and emotional, something that touches the heart.",fiction,soft,medium
I feel lost and want a deep psychological book.,psychology,deep,deep
Give me a cozy story with comforting vibes.,fiction,cozy,light
"I want a self-help book with a soft, encouraging tone.",self_help,soft,light
Recommend something dark and introspective.,philosophy,dark,deep
I want something deep about human behavior.,psychology,deep,medium
"I want a soft, poetic story with comforting themes.",fiction,soft,medium
I'm looking for a meaningful self-help book that isn't too heavy.,self_help,cozy,medium
I want something existential and serious.,philosophy,dark,deep
Recommend something warm and uplifting.,self_help,cozy,light
I want a deep emotional story about life and choices.,fiction,deep,medium
I want something that helps me understand people better.,psychology,soft,medium
I want a dark book exploring deeper questions.,philosophy,dark,deep
"Give me a light, cozy book with a sweet atmosphere.",fiction,cozy,light
I want something that feels deep but soothing.,psychology,soft,medium
Recommend something inspiring with a gentle vibe.,self_help,soft,light
I want a deep novel with strong philosophical undertones.,fiction,deep,deep
I want something cozy and meaningful at the same time.,fiction,cozy,medium
I want a deep book that explores the human soul.,psychology,deep,deep
I want a soft story that feels like a calm morning.,fiction,soft,light
Recommend something cozy with comforting characters.,fiction,cozy,light
I want a philosophical book that feels deep and timeless.,philosophy,deep,deep
I need something light but meaningful for my evening routine.,self_help,cozy,light
I want a psychological book that explores identity.,psychology,deep,medium
Give me something emotional but not too dramatic.,fiction,soft,medium
"I want a gentle, inspiring book about personal growth.",self_help,soft,light
Recommend a deep novel with elegant writing.,fiction,deep,medium
I want something serious and existential.,philosophy,dark,deep
Give me a cozy story with a magical feeling.,fiction,cozy,medium
I want something soft and introspective.,psychology,soft,medium
Recommend a book with spiritual depth.,philosophy,deep,deep
I want a self-help book that feels like a warm hug.,self_help,cozy,light
"I want a thoughtful, poetic novel.",fiction,soft,medium
Give me something philosophical about purpose.,philosophy,deep,medium
I want a soothing book to help me relax.,self_help,soft,light
I want a dark story that explores the human condition.,fiction,dark,deep
Recommend a book with comforting wisdom.,philosophy,cozy,medium
I want a psychological exploration of relationships.,psychology,deep,medium
I want a story that feels peaceful and slow.,fiction,cozy,light
Give me a practical self-help book with gentle advice.,self_help,soft,medium
Recommend something deep and contemplative.,philosophy,deep,deep
I want a novel that mixes softness with sadness.,fiction,soft,medium
I want a light book that lifts my mood.,fiction,cozy,light
Recommend a deep psychological story.,psychology,deep,deep
I want something introspective but easy to read.,self_help,soft,light
Give me a philosophical story with emotional depth.,philosophy,deep,medium
I want a cozy book with gentle humor.,fiction,cozy,light
Recommend something dark and thoughtful.,philosophy,dark,deep
I want a storytelling style that feels like slow rain.,fiction,soft,medium
I need something soft and supportive for my anxiety.,self_help,cozy,light
Give me a psychological book about healing.,psychology,soft,medium
I want a book that feels like a deep conversation.,philosophy,deep,deep
Recommend a comforting fiction book for a quiet night.,fiction,cozy,light
I want a motivational book but not overwhelming.,self_help,soft,medium
Give me a philosophical novel with symbolic meaning.,philosophy,deep,medium
"I want a soft, emotional story with a poetic tone.",fiction,soft,medium
Recommend a dark psychological novel.,psychology,dark,deep
I want a cozy book with slow pacing and warm scenes.,fiction,cozy,medium
Give me something deep and soul-searching.,philosophy,deep,deep
I want a simple self-help book that feels friendly.,self_help,soft,light
Recommend a thoughtful psychological book.,psychology,deep,medium
"I want a dark, quiet book that makes me think.",philosophy,dark,medium
I want a soft and atmospheric story.,fiction,soft,light
Give me something cozy and inspirational.,self_help,cozy,light
I want a novel with deep emotional layers.,fiction,deep,deep
Recommend a philosophical book with gentle reflections.,philosophy,soft,medium
I want a psychological book that dives into emotions.,psychology,deep,medium
I want a cozy novel that feels like a safe place.,fiction,cozy,light
Recommend something philosophical but soft.,philosophy,soft,medium
I want a psychological book about inner strength.,psychology,deep,medium
Give me something gentle and uplifting.,self_help,soft,light
"I want a deep, slow novel that makes me think.",fiction,deep,medium
Recommend a self-help book with warm storytelling.,self_help,cozy,medium
I want something philosophical with emotional depth.,philosophy,deep,deep
I want a cozy story with wholesome characters.,fiction,cozy,light
Give me something introspective and healing.,psychology,soft,medium
I want a book with deep wisdom but simple writing.,philosophy,cozy,medium
"Recommend a soft, reflective self-help book.",self_help,soft,light
I want a dark novel exploring human flaws.,fiction,dark,deep
I want something cozy with light magical realism.,fiction,cozy,medium
Recommend something deep and existential.,philosophy,deep,deep
I want a gentle psychological book about recovery.,psychology,soft,medium
I want a self-help book that feels slow and grounding.,self_help,cozy,light
Give me a philosophical story that explores identity.,philosophy,deep,medium
I want a soft romance with calming energy.,fiction,soft,light
Recommend something cozy for a rainy day.,fiction,cozy,light
I want a deep analysis of human emotions.,psychology,deep,deep
I want something inspiring and peaceful.,self_help,soft,medium
Give me a story that feels thoughtful and quiet.,fiction,soft,medium
Recommend a philosophical book with a dark tone.,philosophy,dark,deep
I want a warm story with comforting vibes.,fiction,cozy,medium
I want a self-help book with spiritual lightness.,self_help,soft,medium
Give me a psychological novel with introspection.,psychology,deep,medium
I want something deep about life purpose.,philosophy,deep,deep
Recommend a light and cozy feel-good story.,fiction,cozy,light
I want a soft story with emotional depth.,fiction,soft,medium
Give me a philosophical reflection on happiness.,philosophy,cozy,medium
I want something dark and slow-paced.,fiction,dark,medium
Recommend a psychology book about self-awareness.,psychology,soft,medium
I want something cozy and uplifting before bed.,fiction,cozy,light
Give me a deep self-help book that isnâ€™t too heavy.,self_help,cozy,medium
I want a philosophical novel with symbolic layers.,philosophy,deep,medium
Recommend something emotional and introspective.,fiction,deep,medium
I want something soft that feels comforting.,self_help,soft,light
I want a deep psychological book about trauma.,psychology,deep,deep
"Recommend a quiet, calm novel with soft themes.",fiction,soft,light
I want a dark philosophical book about existence.,philosophy,dark,deep
I want a cozy book that feels nostalgic.,fiction,cozy,medium
Give me something deep and mind-opening.,philosophy,deep,deep
I want a self-help book with gentle guidance.,self_help,soft,light
Recommend a psychological story about personal growth.,psychology,soft,medium
I want a deep emotional novel with poetic writing.,fiction,deep,deep
I want a cozy narrative with simple beauty.,fiction,cozy,light
Recommend a philosophical story that questions reality.,philosophy,deep,deep
"I want something soft, emotional, and peaceful.",fiction,soft,medium
I want a psychological book with quiet depth.,psychology,deep,medium